TMDBid,protein_name,sequence,uniprot,mutant,pdb_list,variation,ddG,T,pH,method,measure,conditions,doi,datasets,predictors
6,Cellular tumor antigen p53,MEEPQSDPSVEPPLSQETFSDLWKLLPENNVLSPLPSQAMDDLMLSPDDIEQWFTEDPGPDEAPRMPEAAPPVAPAPAAPTPAAPAPAPSWPLSSSVPSQKTYQGSYGFRLGFLHSGTAKSVTCTYSPALNKMFCQLAKTCPVQLWVDSTPPPGTRVRAMAIYKQSQHMTEVVRRCPHHERCSDSDGLAPPQHLIRVEGNLRVEYLDDRNTFRHSVVVPYEPPEVGSDCTTIHYNYMCNSSCMGGMNRRPILTIITLEDSSGNLLGRNSFEVRVCACPGRDRRTEEENLRKKGEPHHELPPGSTKRALPNNTSSSPQPKKKPLDGEYFTLQIRGRERFEMFRELNEALELKDAQAGKEPGGSRAHSSHLKSKKGQSTSRHKKLMFKTEGPDSD,P04637,wt,"1TUP,1AIE,1C26,1DT7,1GZH,1GZH,1H26,1HS5",C242S,-3.07,283.15,7.2,,,1,https://doi.org/10.2307/2529819,ssym,"MAESTRO, INPS"
7,Cellular tumor antigen p53,MEEPQSDPSVEPPLSQETFSDLWKLLPENNVLSPLPSQAMDDLMLSPDDIEQWFTEDPGPDEAPRMPEAAPPVAPAPAAPTPAAPAPAPSWPLSSSVPSQKTYQGSYGFRLGFLHSGTAKSVTCTYSPALNKMFCQLAKTCPVQLWVDSTPPPGTRVRAMAIYKQSQHMTEVVRRCPHHERCSDSDGLAPPQHLIRVEGNLRVEYLDDRNTFRHSVVVPYEPPEVGSDCTTIHYNYMCNSSCMGGMNRRPILTIITLEDSSGNLLGRNSFEVRVCACPGRDRRTEEENLRKKGEPHHELPPGSTKRALPNNTSSSPQPKKKPLDGEYFTLQIRGRERFEMFRELNEALELKDAQAGKEPGGSRAHSSHLKSKKGQSTSRHKKLMFKTEGPDSD,P04637,wt,"1TUP,1AIE,1C26,1DT7,1GZH,1GZH,1H26,1HS5",F134L,-4.78,283.15,7.2,,,1,https://doi.org/10.2307/2529819,ssym,"MAESTRO, INPS"
49,Ribonuclease HI,MLKQVEIFTDGSCLGNPGPGGYGAILRYRGREKTFSAGYTRTTNNRMELMAAIVALEALKEHCEVILSTDSQYVRQGITQWIHNWKKRGWKTADKKPVKNVDLWQRLDAALGQHQIKWEWVKGHAGHPENERCDELARAAAMNPTLEDTGYQVEV,P0A7Y4,wt,2RN2,Q113P,0.20,322.95,3,Thermal,CD,1,https://doi.org/10.1016/S0021-9258(19)36643-8,"ssym, SP4","MAESTRO, INPS"
50,Ribonuclease HI,MLKQVEIFTDGSCLGNPGPGGYGAILRYRGREKTFSAGYTRTTNNRMELMAAIVALEALKEHCEVILSTDSQYVRQGITQWIHNWKKRGWKTADKKPVKNVDLWQRLDAALGQHQIKWEWVKGHAGHPENERCDELARAAAMNPTLEDTGYQVEV,P0A7Y4,wt,2RN2,A125T,-0.10,322.95,3,Thermal,CD,1,https://doi.org/10.1016/S0021-9258(19)36643-8,"ssym, SP4","MAESTRO, INPS"
53,Ribonuclease HI,MLKQVEIFTDGSCLGNPGPGGYGAILRYRGREKTFSAGYTRTTNNRMELMAAIVALEALKEHCEVILSTDSQYVRQGITQWIHNWKKRGWKTADKKPVKNVDLWQRLDAALGQHQIKWEWVKGHAGHPENERCDELARAAAMNPTLEDTGYQVEV,P0A7Y4,wt,2RN2,Q113P,-0.60,325.15,5.5,Thermal,CD,2,https://doi.org/10.1016/S0021-9258(19)36643-8,"ssym, SP4","MAESTRO, INPS"
54,Ribonuclease HI,MLKQVEIFTDGSCLGNPGPGGYGAILRYRGREKTFSAGYTRTTNNRMELMAAIVALEALKEHCEVILSTDSQYVRQGITQWIHNWKKRGWKTADKKPVKNVDLWQRLDAALGQHQIKWEWVKGHAGHPENERCDELARAAAMNPTLEDTGYQVEV,P0A7Y4,wt,2RN2,A125T,0.00,325.15,5.5,Thermal,CD,2,https://doi.org/10.1016/S0021-9258(19)36643-8,"ssym, SP4","MAESTRO, INPS"
55,Ribonuclease HI,MLKQVEIFTDGSCLGNPGPGGYGAILRYRGREKTFSAGYTRTTNNRMELMAAIVALEALKEHCEVILSTDSQYVRQGITQWIHNWKKRGWKTADKKPVKNVDLWQRLDAALGQHQIKWEWVKGHAGHPENERCDELARAAAMNPTLEDTGYQVEV,P0A7Y4,wt,2RN2,K91R,0.20,322.95,3,Thermal,CD,1,https://doi.org/10.1016/S0021-9258(18)41628-6,"ssym, SP4","MAESTRO, INPS"
76,Ribonuclease pancreatic,KETAAAKFERQHMDSSTSAASSSNYCNQMMKSRNLTKDRCKPVNTFVHESLADVQAVCSQKNVACKNGQTNCYQSYSTMSITDCRETGSSKYPNCAYKTTQANKHIIVACEGNPYVPVHFDASV,P61823,wt,1RTB,P114A,-3.20,329.2,4.2,Thermal,CD,1,https://doi.org/10.1002/pro.5560010709,S2298,"INPS, mCSM"
96,Lysozyme C,KVFGRCELAAAMKRHGLDNYRGYSLGNWVCAAKFESNFNTQATNRNTDGSTDYGILQINSRWWCNDGRTPGSRNLCNIPCSALLSSDITASVNCAKKIVSDGNGMNAWVAWRNRCKGTDVQAWIRGCRL,P00698,wt,4LYZ,E35A,1.77,308.15,5.5,GdnHCl,CD,1,https://doi.org/10.1021/bi00152a018,S2298,"INPS, mCSM"
97,Lysozyme C,KVFGRCELAAAMKRHGLDNYRGYSLGNWVCAAKFESNFNTQATNRNTDGSTDYGILQINSRWWCNDGRTPGSRNLCNIPCSALLSSDITASVNCAKKIVSDGNGMNAWVAWRNRCKGTDVQAWIRGCRL,P00698,wt,4LYZ,E35H,-0.61,308.15,5.5,GdnHCl,CD,1,https://doi.org/10.1021/bi00152a018,S2298,"INPS, mCSM"
98,Ribonuclease,AQVINTFDGVADYLQTYHKLPDNYITKSEAQALGWVASKGNLADVAPGKSIGGDIFSNREGKLPGKSGRTWREADINYTSGFRNSDRILYSSDWLIYKTTDHYQTFTKIR,P00648,wt,"1BNI, 1B2X, 1FW7",T6P,-3.19,298.15,6.3,Urea,Fluorescence,1,https://doi.org/10.1016/0022-2836(92)90906-z,S2298,"INPS, mCSM"